http://disi.unitn.it/~knowdive/dataset/delicious/concept/bag-NOUN-317081	http://purl.org/vocabularies/princeton/wn30/synset-bag-noun-4
http://disi.unitn.it/~knowdive/dataset/delicious/concept/guitar-NOUN-317009	http://purl.org/vocabularies/princeton/wn30/synset-guitar-noun-1
http://disi.unitn.it/~knowdive/dataset/delicious/concept/menu-NOUN-341275	http://purl.org/vocabularies/princeton/wn30/synset-menu-noun-3
http://disi.unitn.it/~knowdive/dataset/delicious/concept/travel-NOUN-300874	http://purl.org/vocabularies/princeton/wn30/synset-travel-noun-1
http://disi.unitn.it/~knowdive/dataset/delicious/concept/market-NOUN-288790	http://purl.org/vocabularies/princeton/wn30/synset-market-noun-1
http://disi.unitn.it/~knowdive/dataset/delicious/concept/interactional-ADJECTIVE-253709	http://purl.org/vocabularies/princeton/wn30/synset-interactional-adjectivesatellite-1
http://disi.unitn.it/~knowdive/dataset/delicious/concept/scholarship-NOUN-304879	http://purl.org/vocabularies/princeton/wn30/synset-scholarship-noun-1
http://disi.unitn.it/~knowdive/dataset/delicious/concept/technique-NOUN-304870	http://purl.org/vocabularies/princeton/wn30/synset-technique-noun-1
http://disi.unitn.it/~knowdive/dataset/delicious/concept/Friday-NOUN-255824	http://purl.org/vocabularies/princeton/wn30/synset-Friday-noun-1
http://disi.unitn.it/~knowdive/dataset/delicious/concept/template-NOUN-228863	http://purl.org/vocabularies/princeton/wn30/synset-template-noun-1
http://disi.unitn.it/~knowdive/dataset/delicious/concept/conference-NOUN-335063	http://purl.org/vocabularies/princeton/wn30/synset-conference-noun-1
http://disi.unitn.it/~knowdive/dataset/delicious/concept/ice_cream-NOUN-316717	http://purl.org/vocabularies/princeton/wn30/synset-ice_cream-noun-1
http://disi.unitn.it/~knowdive/dataset/delicious/concept/woman-NOUN-237890	http://purl.org/vocabularies/princeton/wn30/synset-woman-noun-1
http://disi.unitn.it/~knowdive/dataset/delicious/concept/layout-NOUN-231912	http://purl.org/vocabularies/princeton/wn30/synset-layout-noun-1
http://disi.unitn.it/~knowdive/dataset/delicious/concept/productiveness-NOUN-260037	http://purl.org/vocabularies/princeton/wn30/synset-productiveness-noun-1
http://disi.unitn.it/~knowdive/dataset/delicious/concept/planning-NOUN-322645	http://purl.org/vocabularies/princeton/wn30/synset-planning-noun-1
http://disi.unitn.it/~knowdive/dataset/delicious/concept/museum-NOUN-327001	http://purl.org/vocabularies/princeton/wn30/synset-museum-noun-1
http://disi.unitn.it/~knowdive/dataset/delicious/concept/elder-NOUN-283073	http://purl.org/vocabularies/princeton/wn30/synset-elder-noun-1
http://disi.unitn.it/~knowdive/dataset/delicious/concept/audio-NOUN-306489	http://purl.org/vocabularies/princeton/wn30/synset-audio-noun-1
http://disi.unitn.it/~knowdive/dataset/delicious/concept/scholarly-ADJECTIVE-300146	http://purl.org/vocabularies/princeton/wn30/synset-scholarly-adjective-1
http://disi.unitn.it/~knowdive/dataset/delicious/concept/writer-NOUN-264211	http://purl.org/vocabularies/princeton/wn30/synset-writer-noun-1
http://disi.unitn.it/~knowdive/dataset/delicious/concept/humanistic_discipline-NOUN-239389	http://purl.org/vocabularies/princeton/wn30/synset-humanistic_discipline-noun-1
http://disi.unitn.it/~knowdive/dataset/delicious/concept/board-NOUN-246806	http://purl.org/vocabularies/princeton/wn30/synset-board-noun-1
http://disi.unitn.it/~knowdive/dataset/delicious/concept/management-NOUN-244754	http://purl.org/vocabularies/princeton/wn30/synset-management-noun-2
http://disi.unitn.it/~knowdive/dataset/delicious/concept/discount-NOUN-328171	http://purl.org/vocabularies/princeton/wn30/synset-discount-noun-1
http://disi.unitn.it/~knowdive/dataset/delicious/concept/software-NOUN-279480	http://purl.org/vocabularies/princeton/wn30/synset-software-noun-1
http://disi.unitn.it/~knowdive/dataset/delicious/concept/sustainable-ADJECTIVE-231015	http://purl.org/vocabularies/princeton/wn30/synset-sustainable-adjective-1
http://disi.unitn.it/~knowdive/dataset/delicious/concept/synchronize-VERB-336918	http://purl.org/vocabularies/princeton/wn30/synset-synchronize-verb-1
http://disi.unitn.it/~knowdive/dataset/delicious/concept/chief-ADJECTIVE-280561	http://purl.org/vocabularies/princeton/wn30/synset-chief-adjectivesatellite-1
http://disi.unitn.it/~knowdive/dataset/delicious/concept/server-NOUN-322755	http://purl.org/vocabularies/princeton/wn30/synset-server-noun-3
http://disi.unitn.it/~knowdive/dataset/delicious/concept/documentary-NOUN-331036	http://purl.org/vocabularies/princeton/wn30/synset-documentary-noun-1
http://disi.unitn.it/~knowdive/dataset/delicious/concept/blues-NOUN-286999	http://purl.org/vocabularies/princeton/wn30/synset-blues-noun-1
http://disi.unitn.it/~knowdive/dataset/delicious/concept/culture-NOUN-255142	http://purl.org/vocabularies/princeton/wn30/synset-culture-noun-6
http://disi.unitn.it/~knowdive/dataset/delicious/concept/research-NOUN-326129	http://purl.org/vocabularies/princeton/wn30/synset-research-noun-1
http://disi.unitn.it/~knowdive/dataset/delicious/concept/circuit_board-NOUN-281219	http://purl.org/vocabularies/princeton/wn30/synset-circuit_board-noun-1
http://disi.unitn.it/~knowdive/dataset/delicious/concept/development-NOUN-300811	http://purl.org/vocabularies/princeton/wn30/synset-development-noun-1
http://disi.unitn.it/~knowdive/dataset/delicious/concept/deal-NOUN-329638	http://purl.org/vocabularies/princeton/wn30/synset-deal-noun-1
http://disi.unitn.it/~knowdive/dataset/delicious/concept/Massachusetts_Institute_of_Technology-NOUN-239553	http://purl.org/vocabularies/princeton/wn30/synset-Massachusetts_Institute_of_Technology-noun-1
http://disi.unitn.it/~knowdive/dataset/delicious/concept/United_States-NOUN-322488	http://purl.org/vocabularies/princeton/wn30/synset-United_States-noun-1
http://disi.unitn.it/~knowdive/dataset/delicious/concept/commercial_enterprise-NOUN-278497	http://purl.org/vocabularies/princeton/wn30/synset-commercial_enterprise-noun-2
http://disi.unitn.it/~knowdive/dataset/delicious/concept/exhibition-NOUN-311062	http://purl.org/vocabularies/princeton/wn30/synset-exhibition-noun-2
http://disi.unitn.it/~knowdive/dataset/delicious/concept/cooking-NOUN-277388	http://purl.org/vocabularies/princeton/wn30/synset-cooking-noun-1
http://disi.unitn.it/~knowdive/dataset/delicious/concept/responsible-ADJECTIVE-279924	http://purl.org/vocabularies/princeton/wn30/synset-responsible-adjective-1
http://disi.unitn.it/~knowdive/dataset/delicious/concept/policy-NOUN-232098	http://purl.org/vocabularies/princeton/wn30/synset-policy-noun-1
http://disi.unitn.it/~knowdive/dataset/delicious/concept/file-NOUN-331133	http://purl.org/vocabularies/princeton/wn30/synset-file-noun-1
http://disi.unitn.it/~knowdive/dataset/delicious/concept/information-NOUN-280640	http://purl.org/vocabularies/princeton/wn30/synset-information-noun-1
http://disi.unitn.it/~knowdive/dataset/delicious/concept/New_Orleans-NOUN-330899	http://purl.org/vocabularies/princeton/wn30/synset-New_Orleans-noun-1
http://disi.unitn.it/~knowdive/dataset/delicious/concept/Melbourne-NOUN-341543	http://purl.org/vocabularies/princeton/wn30/synset-Melbourne-noun-2
http://disi.unitn.it/~knowdive/dataset/delicious/concept/web_site-NOUN-277115	http://purl.org/vocabularies/princeton/wn30/synset-web_site-noun-1
http://disi.unitn.it/~knowdive/dataset/delicious/concept/hub-NOUN-276839	http://purl.org/vocabularies/princeton/wn30/synset-hub-noun-2
http://disi.unitn.it/~knowdive/dataset/delicious/concept/improvement-NOUN-285624	http://purl.org/vocabularies/princeton/wn30/synset-improvement-noun-2
http://disi.unitn.it/~knowdive/dataset/delicious/concept/creativity-NOUN-259808	http://purl.org/vocabularies/princeton/wn30/synset-creativity-noun-1
http://disi.unitn.it/~knowdive/dataset/delicious/concept/develop-VERB-228429	http://purl.org/vocabularies/princeton/wn30/synset-develop-verb-1
http://disi.unitn.it/~knowdive/dataset/delicious/concept/audacious-ADJECTIVE-283909	http://purl.org/vocabularies/princeton/wn30/synset-audacious-adjectivesatellite-3
http://disi.unitn.it/~knowdive/dataset/delicious/concept/fun-NOUN-230781	http://purl.org/vocabularies/princeton/wn30/synset-fun-noun-1
http://disi.unitn.it/~knowdive/dataset/delicious/concept/banjo-NOUN-249413	http://purl.org/vocabularies/princeton/wn30/synset-banjo-noun-1
http://disi.unitn.it/~knowdive/dataset/delicious/concept/Indian-ADJECTIVE-271950	http://purl.org/vocabularies/princeton/wn30/synset-Indian-adjective-1
http://disi.unitn.it/~knowdive/dataset/delicious/concept/volunteer-NOUN-247472	http://purl.org/vocabularies/princeton/wn30/synset-volunteer-noun-2
http://disi.unitn.it/~knowdive/dataset/delicious/concept/World_Wide_Web-NOUN-257968	http://purl.org/vocabularies/princeton/wn30/synset-World_Wide_Web-noun-1
http://disi.unitn.it/~knowdive/dataset/delicious/concept/trouble-NOUN-295916	http://purl.org/vocabularies/princeton/wn30/synset-trouble-noun-1
http://disi.unitn.it/~knowdive/dataset/delicious/concept/Texas-NOUN-277451	http://purl.org/vocabularies/princeton/wn30/synset-Texas-noun-1
http://disi.unitn.it/~knowdive/dataset/delicious/concept/logo-NOUN-232886	http://purl.org/vocabularies/princeton/wn30/synset-logo-noun-1
http://disi.unitn.it/~knowdive/dataset/delicious/concept/tutorial-NOUN-299685	http://purl.org/vocabularies/princeton/wn30/synset-tutorial-noun-1
http://disi.unitn.it/~knowdive/dataset/delicious/concept/diary-NOUN-267227	http://purl.org/vocabularies/princeton/wn30/synset-diary-noun-1
http://disi.unitn.it/~knowdive/dataset/delicious/concept/education-NOUN-240654	http://purl.org/vocabularies/princeton/wn30/synset-education-noun-1
http://disi.unitn.it/~knowdive/dataset/delicious/concept/consolidation-NOUN-233917	http://purl.org/vocabularies/princeton/wn30/synset-consolidation-noun-2
http://disi.unitn.it/~knowdive/dataset/delicious/concept/review-NOUN-321825	http://purl.org/vocabularies/princeton/wn30/synset-review-noun-2
http://disi.unitn.it/~knowdive/dataset/delicious/concept/college-NOUN-285441	http://purl.org/vocabularies/princeton/wn30/synset-college-noun-2
http://disi.unitn.it/~knowdive/dataset/delicious/concept/management-NOUN-263875	http://purl.org/vocabularies/princeton/wn30/synset-management-noun-1
http://disi.unitn.it/~knowdive/dataset/delicious/concept/wit-NOUN-335137	http://purl.org/vocabularies/princeton/wn30/synset-wit-noun-1
http://disi.unitn.it/~knowdive/dataset/delicious/concept/aid-NOUN-274682	http://purl.org/vocabularies/princeton/wn30/synset-aid-noun-2
http://disi.unitn.it/~knowdive/dataset/delicious/concept/textbook-NOUN-269594	http://purl.org/vocabularies/princeton/wn30/synset-textbook-noun-1
http://disi.unitn.it/~knowdive/dataset/delicious/concept/fact-NOUN-297635	http://purl.org/vocabularies/princeton/wn30/synset-fact-noun-1
http://disi.unitn.it/~knowdive/dataset/delicious/concept/system-NOUN-242118	http://purl.org/vocabularies/princeton/wn30/synset-system-noun-2
http://disi.unitn.it/~knowdive/dataset/delicious/concept/office-NOUN-319767	http://purl.org/vocabularies/princeton/wn30/synset-office-noun-1
http://disi.unitn.it/~knowdive/dataset/delicious/concept/converter-NOUN-292778	http://purl.org/vocabularies/princeton/wn30/synset-converter-noun-1
http://disi.unitn.it/~knowdive/dataset/delicious/concept/hitchhike-VERB-250203	http://purl.org/vocabularies/princeton/wn30/synset-hitchhike-verb-1
http://disi.unitn.it/~knowdive/dataset/delicious/concept/secondary_school-NOUN-317031	http://purl.org/vocabularies/princeton/wn30/synset-secondary_school-noun-1
http://disi.unitn.it/~knowdive/dataset/delicious/concept/literature-NOUN-317905	http://purl.org/vocabularies/princeton/wn30/synset-literature-noun-1
http://disi.unitn.it/~knowdive/dataset/delicious/concept/related-ADJECTIVE-274915	http://purl.org/vocabularies/princeton/wn30/synset-related-adjective-1
http://disi.unitn.it/~knowdive/dataset/delicious/concept/course-NOUN-263517	http://purl.org/vocabularies/princeton/wn30/synset-course-noun-1
http://disi.unitn.it/~knowdive/dataset/delicious/concept/chart-NOUN-329752	http://purl.org/vocabularies/princeton/wn30/synset-chart-noun-1
http://disi.unitn.it/~knowdive/dataset/delicious/concept/psychology-NOUN-245750	http://purl.org/vocabularies/princeton/wn30/synset-psychology-noun-1
http://disi.unitn.it/~knowdive/dataset/delicious/concept/candy-NOUN-337185	http://purl.org/vocabularies/princeton/wn30/synset-candy-noun-1
http://disi.unitn.it/~knowdive/dataset/delicious/concept/gardening-NOUN-309240	http://purl.org/vocabularies/princeton/wn30/synset-gardening-noun-1
http://disi.unitn.it/~knowdive/dataset/delicious/concept/web_log-NOUN-264575	http://purl.org/vocabularies/princeton/wn30/synset-web_log-noun-1
http://disi.unitn.it/~knowdive/dataset/delicious/concept/Vietnam-NOUN-324771	http://purl.org/vocabularies/princeton/wn30/synset-Vietnam-noun-1
http://disi.unitn.it/~knowdive/dataset/delicious/concept/design-NOUN-273468	http://purl.org/vocabularies/princeton/wn30/synset-design-noun-1
http://disi.unitn.it/~knowdive/dataset/delicious/concept/instrument-NOUN-271590	http://purl.org/vocabularies/princeton/wn30/synset-instrument-noun-2
http://disi.unitn.it/~knowdive/dataset/delicious/concept/university-NOUN-289238	http://purl.org/vocabularies/princeton/wn30/synset-university-noun-2
http://disi.unitn.it/~knowdive/dataset/delicious/concept/culinary-ADJECTIVE-249421	http://purl.org/vocabularies/princeton/wn30/synset-culinary-adjective-1
http://disi.unitn.it/~knowdive/dataset/delicious/concept/flower-NOUN-247482	http://purl.org/vocabularies/princeton/wn30/synset-flower-noun-2
http://disi.unitn.it/~knowdive/dataset/delicious/concept/sleeping-NOUN-340802	http://purl.org/vocabularies/princeton/wn30/synset-sleeping-noun-1
http://disi.unitn.it/~knowdive/dataset/delicious/concept/inspiration-NOUN-334465	http://purl.org/vocabularies/princeton/wn30/synset-inspiration-noun-1
http://disi.unitn.it/~knowdive/dataset/delicious/concept/recipe-NOUN-278359	http://purl.org/vocabularies/princeton/wn30/synset-recipe-noun-1
http://disi.unitn.it/~knowdive/dataset/delicious/concept/citation-NOUN-293352	http://purl.org/vocabularies/princeton/wn30/synset-citation-noun-3
http://disi.unitn.it/~knowdive/dataset/delicious/concept/history-NOUN-325549	http://purl.org/vocabularies/princeton/wn30/synset-history-noun-3
http://disi.unitn.it/~knowdive/dataset/delicious/concept/classy-ADJECTIVE-299619	http://purl.org/vocabularies/princeton/wn30/synset-classy-adjectivesatellite-1
http://disi.unitn.it/~knowdive/dataset/delicious/concept/game-NOUN-228033	http://purl.org/vocabularies/princeton/wn30/synset-game-noun-3
http://disi.unitn.it/~knowdive/dataset/delicious/concept/theory-NOUN-335044	http://purl.org/vocabularies/princeton/wn30/synset-theory-noun-1
http://disi.unitn.it/~knowdive/dataset/delicious/concept/round-ADJECTIVE-246005	http://purl.org/vocabularies/princeton/wn30/synset-round-adjective-1
http://disi.unitn.it/~knowdive/dataset/delicious/concept/note-NOUN-261218	http://purl.org/vocabularies/princeton/wn30/synset-note-noun-1
http://disi.unitn.it/~knowdive/dataset/delicious/concept/secondary-ADJECTIVE-229281	http://purl.org/vocabularies/princeton/wn30/synset-secondary-adjective-1
http://disi.unitn.it/~knowdive/dataset/delicious/concept/hack-VERB-291564	http://purl.org/vocabularies/princeton/wn30/synset-hack-verb-6
http://disi.unitn.it/~knowdive/dataset/delicious/concept/nonlinguistic-ADJECTIVE-273652	http://purl.org/vocabularies/princeton/wn30/synset-nonlinguistic-adjective-1
http://disi.unitn.it/~knowdive/dataset/delicious/concept/videodisk-NOUN-273603	http://purl.org/vocabularies/princeton/wn30/synset-videodisk-noun-1
http://disi.unitn.it/~knowdive/dataset/delicious/concept/publication-NOUN-278757	http://purl.org/vocabularies/princeton/wn30/synset-publication-noun-4
http://disi.unitn.it/~knowdive/dataset/delicious/concept/entrepreneur-NOUN-337255	http://purl.org/vocabularies/princeton/wn30/synset-entrepreneur-noun-1
http://disi.unitn.it/~knowdive/dataset/delicious/concept/credibility-NOUN-286438	http://purl.org/vocabularies/princeton/wn30/synset-credibility-noun-1
http://disi.unitn.it/~knowdive/dataset/delicious/concept/writing-NOUN-252205	http://purl.org/vocabularies/princeton/wn30/synset-writing-noun-5
http://disi.unitn.it/~knowdive/dataset/delicious/concept/love-NOUN-318816	http://purl.org/vocabularies/princeton/wn30/synset-love-noun-1
http://disi.unitn.it/~knowdive/dataset/delicious/concept/health-NOUN-325232	http://purl.org/vocabularies/princeton/wn30/synset-health-noun-1
http://disi.unitn.it/~knowdive/dataset/delicious/concept/grad-NOUN-237178	http://purl.org/vocabularies/princeton/wn30/synset-grad-noun-1
http://disi.unitn.it/~knowdive/dataset/delicious/concept/technology-NOUN-288787	http://purl.org/vocabularies/princeton/wn30/synset-technology-noun-1
http://disi.unitn.it/~knowdive/dataset/delicious/concept/fly-VERB-283923	http://purl.org/vocabularies/princeton/wn30/synset-fly-verb-4
http://disi.unitn.it/~knowdive/dataset/delicious/concept/venture_capital-NOUN-277415	http://purl.org/vocabularies/princeton/wn30/synset-venture_capital-noun-1
http://disi.unitn.it/~knowdive/dataset/delicious/concept/rumor-NOUN-322442	http://purl.org/vocabularies/princeton/wn30/synset-rumor-noun-1
http://disi.unitn.it/~knowdive/dataset/delicious/concept/undertaking-NOUN-301518	http://purl.org/vocabularies/princeton/wn30/synset-undertaking-noun-1
http://disi.unitn.it/~knowdive/dataset/delicious/concept/concept-NOUN-318032	http://purl.org/vocabularies/princeton/wn30/synset-concept-noun-1
http://disi.unitn.it/~knowdive/dataset/delicious/concept/paint-NOUN-285212	http://purl.org/vocabularies/princeton/wn30/synset-paint-noun-1
http://disi.unitn.it/~knowdive/dataset/delicious/concept/download-VERB-253089	http://purl.org/vocabularies/princeton/wn30/synset-download-verb-1
http://disi.unitn.it/~knowdive/dataset/delicious/concept/employment-NOUN-308023	http://purl.org/vocabularies/princeton/wn30/synset-employment-noun-2
http://disi.unitn.it/~knowdive/dataset/delicious/concept/portfolio-NOUN-285111	http://purl.org/vocabularies/princeton/wn30/synset-portfolio-noun-2
http://disi.unitn.it/~knowdive/dataset/delicious/concept/cream-NOUN-246767	http://purl.org/vocabularies/princeton/wn30/synset-cream-noun-2
http://disi.unitn.it/~knowdive/dataset/delicious/concept/immunization-NOUN-314930	http://purl.org/vocabularies/princeton/wn30/synset-immunization-noun-1
http://disi.unitn.it/~knowdive/dataset/delicious/concept/cheap-ADJECTIVE-291771	http://purl.org/vocabularies/princeton/wn30/synset-cheap-adjective-1
http://disi.unitn.it/~knowdive/dataset/delicious/concept/poetry-NOUN-238627	http://purl.org/vocabularies/princeton/wn30/synset-poetry-noun-1
http://disi.unitn.it/~knowdive/dataset/delicious/concept/methodology-NOUN-243522	http://purl.org/vocabularies/princeton/wn30/synset-methodology-noun-2
http://disi.unitn.it/~knowdive/dataset/delicious/concept/Linux-NOUN-293156	http://purl.org/vocabularies/princeton/wn30/synset-Linux-noun-1
http://disi.unitn.it/~knowdive/dataset/delicious/concept/stock-NOUN-338295	http://purl.org/vocabularies/princeton/wn30/synset-stock-noun-1
http://disi.unitn.it/~knowdive/dataset/delicious/concept/teacher-NOUN-326208	http://purl.org/vocabularies/princeton/wn30/synset-teacher-noun-1
http://disi.unitn.it/~knowdive/dataset/delicious/concept/digital-ADJECTIVE-240959	http://purl.org/vocabularies/princeton/wn30/synset-digital-adjective-3
http://disi.unitn.it/~knowdive/dataset/delicious/concept/fiscal-ADJECTIVE-251912	http://purl.org/vocabularies/princeton/wn30/synset-fiscal-adjective-1
http://disi.unitn.it/~knowdive/dataset/delicious/concept/physics-NOUN-261094	http://purl.org/vocabularies/princeton/wn30/synset-physics-noun-1
http://disi.unitn.it/~knowdive/dataset/delicious/concept/packing-NOUN-258263	http://purl.org/vocabularies/princeton/wn30/synset-packing-noun-3
http://disi.unitn.it/~knowdive/dataset/delicious/concept/communication-NOUN-244662	http://purl.org/vocabularies/princeton/wn30/synset-communication-noun-1
http://disi.unitn.it/~knowdive/dataset/delicious/concept/etiquette-NOUN-308997	http://purl.org/vocabularies/princeton/wn30/synset-etiquette-noun-1
http://disi.unitn.it/~knowdive/dataset/delicious/concept/workshop-NOUN-232788	http://purl.org/vocabularies/princeton/wn30/synset-workshop-noun-2
http://disi.unitn.it/~knowdive/dataset/delicious/concept/publication-NOUN-251848	http://purl.org/vocabularies/princeton/wn30/synset-publication-noun-1
http://disi.unitn.it/~knowdive/dataset/delicious/concept/airplane-NOUN-247361	http://purl.org/vocabularies/princeton/wn30/synset-airplane-noun-1
http://disi.unitn.it/~knowdive/dataset/delicious/concept/Tours-NOUN-320731	http://purl.org/vocabularies/princeton/wn30/synset-Tours-noun-1
http://disi.unitn.it/~knowdive/dataset/delicious/concept/meeting-NOUN-247913	http://purl.org/vocabularies/princeton/wn30/synset-meeting-noun-1
http://disi.unitn.it/~knowdive/dataset/delicious/concept/occupation-NOUN-337620	http://purl.org/vocabularies/princeton/wn30/synset-occupation-noun-1
http://disi.unitn.it/~knowdive/dataset/delicious/concept/simulation-NOUN-285591	http://purl.org/vocabularies/princeton/wn30/synset-simulation-noun-2
http://disi.unitn.it/~knowdive/dataset/delicious/concept/telephone-NOUN-268611	http://purl.org/vocabularies/princeton/wn30/synset-telephone-noun-1
http://disi.unitn.it/~knowdive/dataset/delicious/concept/reading-NOUN-241298	http://purl.org/vocabularies/princeton/wn30/synset-reading-noun-4
http://disi.unitn.it/~knowdive/dataset/delicious/concept/booking-NOUN-293688	http://purl.org/vocabularies/princeton/wn30/synset-booking-noun-2
http://disi.unitn.it/~knowdive/dataset/delicious/concept/current-ADJECTIVE-333934	http://purl.org/vocabularies/princeton/wn30/synset-current-adjective-1
http://disi.unitn.it/~knowdive/dataset/delicious/concept/Boston-NOUN-237148	http://purl.org/vocabularies/princeton/wn30/synset-Boston-noun-1
http://disi.unitn.it/~knowdive/dataset/delicious/concept/city-NOUN-239712	http://purl.org/vocabularies/princeton/wn30/synset-city-noun-1
http://disi.unitn.it/~knowdive/dataset/delicious/concept/company-NOUN-319745	http://purl.org/vocabularies/princeton/wn30/synset-company-noun-1
http://disi.unitn.it/~knowdive/dataset/delicious/concept/London-NOUN-276795	http://purl.org/vocabularies/princeton/wn30/synset-London-noun-1
http://disi.unitn.it/~knowdive/dataset/delicious/concept/fruit-NOUN-231152	http://purl.org/vocabularies/princeton/wn30/synset-fruit-noun-1
http://disi.unitn.it/~knowdive/dataset/delicious/concept/internet-NOUN-321833	http://purl.org/vocabularies/princeton/wn30/synset-internet-noun-1
http://disi.unitn.it/~knowdive/dataset/delicious/concept/welcome-NOUN-238709	http://purl.org/vocabularies/princeton/wn30/synset-welcome-noun-2
http://disi.unitn.it/~knowdive/dataset/delicious/concept/reference_book-NOUN-306447	http://purl.org/vocabularies/princeton/wn30/synset-reference_book-noun-1
http://disi.unitn.it/~knowdive/dataset/delicious/concept/agile-ADJECTIVE-313058	http://purl.org/vocabularies/princeton/wn30/synset-agile-adjectivesatellite-1
http://disi.unitn.it/~knowdive/dataset/delicious/concept/Newcastle-NOUN-325438	http://purl.org/vocabularies/princeton/wn30/synset-Newcastle-noun-1
http://disi.unitn.it/~knowdive/dataset/delicious/concept/integrate-VERB-252285	http://purl.org/vocabularies/princeton/wn30/synset-integrate-verb-1
http://disi.unitn.it/~knowdive/dataset/delicious/concept/Master_in_Business-NOUN-304957	http://purl.org/vocabularies/princeton/wn30/synset-Master_in_Business-noun-1
http://disi.unitn.it/~knowdive/dataset/delicious/concept/collaboration-NOUN-248399	http://purl.org/vocabularies/princeton/wn30/synset-collaboration-noun-1
http://disi.unitn.it/~knowdive/dataset/delicious/concept/English-NOUN-281568	http://purl.org/vocabularies/princeton/wn30/synset-English-noun-1
http://disi.unitn.it/~knowdive/dataset/delicious/concept/future-NOUN-296258	http://purl.org/vocabularies/princeton/wn30/synset-future-noun-1
http://disi.unitn.it/~knowdive/dataset/delicious/concept/literacy-NOUN-276925	http://purl.org/vocabularies/princeton/wn30/synset-literacy-noun-1
http://disi.unitn.it/~knowdive/dataset/delicious/concept/cupcake-NOUN-261224	http://purl.org/vocabularies/princeton/wn30/synset-cupcake-noun-1
http://disi.unitn.it/~knowdive/dataset/delicious/concept/puzzle-NOUN-325907	http://purl.org/vocabularies/princeton/wn30/synset-puzzle-noun-1
http://disi.unitn.it/~knowdive/dataset/delicious/concept/complex-ADJECTIVE-306178	http://purl.org/vocabularies/princeton/wn30/synset-complex-adjective-1
http://disi.unitn.it/~knowdive/dataset/delicious/concept/baking-NOUN-315872	http://purl.org/vocabularies/princeton/wn30/synset-baking-noun-1
http://disi.unitn.it/~knowdive/dataset/delicious/concept/security-NOUN-260877	http://purl.org/vocabularies/princeton/wn30/synset-security-noun-9
http://disi.unitn.it/~knowdive/dataset/delicious/concept/Earth-NOUN-266581	http://purl.org/vocabularies/princeton/wn30/synset-Earth-noun-1
http://disi.unitn.it/~knowdive/dataset/delicious/concept/Europe-NOUN-234710	http://purl.org/vocabularies/princeton/wn30/synset-Europe-noun-1
http://disi.unitn.it/~knowdive/dataset/delicious/concept/event-NOUN-229153	http://purl.org/vocabularies/princeton/wn30/synset-event-noun-1
http://disi.unitn.it/~knowdive/dataset/delicious/concept/judgment-NOUN-330099	http://purl.org/vocabularies/princeton/wn30/synset-judgment-noun-2
http://disi.unitn.it/~knowdive/dataset/delicious/concept/Japanese-ADJECTIVE-235041	http://purl.org/vocabularies/princeton/wn30/synset-Japanese-adjective-1
http://disi.unitn.it/~knowdive/dataset/delicious/concept/Cajun-NOUN-307024	http://purl.org/vocabularies/princeton/wn30/synset-Cajun-noun-1
http://disi.unitn.it/~knowdive/dataset/delicious/concept/yellow_pages-NOUN-329761	http://purl.org/vocabularies/princeton/wn30/synset-yellow_pages-noun-1
http://disi.unitn.it/~knowdive/dataset/delicious/concept/sourdough-NOUN-261995	http://purl.org/vocabularies/princeton/wn30/synset-sourdough-noun-1
http://disi.unitn.it/~knowdive/dataset/delicious/concept/medium-NOUN-264457	http://purl.org/vocabularies/princeton/wn30/synset-medium-noun-10
http://disi.unitn.it/~knowdive/dataset/delicious/concept/preschool-NOUN-259296	http://purl.org/vocabularies/princeton/wn30/synset-preschool-noun-1
http://disi.unitn.it/~knowdive/dataset/delicious/concept/agent-NOUN-260262	http://purl.org/vocabularies/princeton/wn30/synset-agent-noun-4
http://disi.unitn.it/~knowdive/dataset/delicious/concept/inauguration-NOUN-275289	http://purl.org/vocabularies/princeton/wn30/synset-inauguration-noun-1
http://disi.unitn.it/~knowdive/dataset/delicious/concept/activism-NOUN-233401	http://purl.org/vocabularies/princeton/wn30/synset-activism-noun-1
http://disi.unitn.it/~knowdive/dataset/delicious/concept/bus-NOUN-237947	http://purl.org/vocabularies/princeton/wn30/synset-bus-noun-1
http://disi.unitn.it/~knowdive/dataset/delicious/concept/India-NOUN-262185	http://purl.org/vocabularies/princeton/wn30/synset-India-noun-1
http://disi.unitn.it/~knowdive/dataset/delicious/concept/real_property-NOUN-332879	http://purl.org/vocabularies/princeton/wn30/synset-real_property-noun-1
http://disi.unitn.it/~knowdive/dataset/delicious/concept/institute-NOUN-307985	http://purl.org/vocabularies/princeton/wn30/synset-institute-noun-1
http://disi.unitn.it/~knowdive/dataset/delicious/concept/Montreal-NOUN-279844	http://purl.org/vocabularies/princeton/wn30/synset-Montreal-noun-1
http://disi.unitn.it/~knowdive/dataset/delicious/concept/federal-ADJECTIVE-272408	http://purl.org/vocabularies/princeton/wn30/synset-federal-adjectivesatellite-1
http://disi.unitn.it/~knowdive/dataset/delicious/concept/listen-VERB-289744	http://purl.org/vocabularies/princeton/wn30/synset-listen-verb-1
http://disi.unitn.it/~knowdive/dataset/delicious/concept/appraisal-NOUN-290311	http://purl.org/vocabularies/princeton/wn30/synset-appraisal-noun-1
http://disi.unitn.it/~knowdive/dataset/delicious/concept/backpacker-NOUN-254151	http://purl.org/vocabularies/princeton/wn30/synset-backpacker-noun-1
http://disi.unitn.it/~knowdive/dataset/delicious/concept/programming-NOUN-281442	http://purl.org/vocabularies/princeton/wn30/synset-programming-noun-2
http://disi.unitn.it/~knowdive/dataset/delicious/concept/English-NOUN-325070	http://purl.org/vocabularies/princeton/wn30/synset-English-noun-3
http://disi.unitn.it/~knowdive/dataset/delicious/concept/Florida-NOUN-264849	http://purl.org/vocabularies/princeton/wn30/synset-Florida-noun-1
http://disi.unitn.it/~knowdive/dataset/delicious/concept/home-NOUN-249443	http://purl.org/vocabularies/princeton/wn30/synset-home-noun-1
http://disi.unitn.it/~knowdive/dataset/delicious/concept/planner-NOUN-246723	http://purl.org/vocabularies/princeton/wn30/synset-planner-noun-1
http://disi.unitn.it/~knowdive/dataset/delicious/concept/bogus-ADJECTIVE-298059	http://purl.org/vocabularies/princeton/wn30/synset-bogus-adjectivesatellite-1
http://disi.unitn.it/~knowdive/dataset/delicious/concept/bread-NOUN-246681	http://purl.org/vocabularies/princeton/wn30/synset-bread-noun-1
http://disi.unitn.it/~knowdive/dataset/delicious/concept/survey-NOUN-249466	http://purl.org/vocabularies/princeton/wn30/synset-survey-noun-1
http://disi.unitn.it/~knowdive/dataset/delicious/concept/Canada-NOUN-259419	http://purl.org/vocabularies/princeton/wn30/synset-Canada-noun-1
http://disi.unitn.it/~knowdive/dataset/delicious/concept/magazine-NOUN-281587	http://purl.org/vocabularies/princeton/wn30/synset-magazine-noun-1
http://disi.unitn.it/~knowdive/dataset/delicious/concept/cruise-NOUN-277874	http://purl.org/vocabularies/princeton/wn30/synset-cruise-noun-1
http://disi.unitn.it/~knowdive/dataset/delicious/concept/copyright-NOUN-291688	http://purl.org/vocabularies/princeton/wn30/synset-copyright-noun-1
http://disi.unitn.it/~knowdive/dataset/delicious/concept/administration-NOUN-263360	http://purl.org/vocabularies/princeton/wn30/synset-administration-noun-2
http://disi.unitn.it/~knowdive/dataset/delicious/concept/leisure-NOUN-240256	http://purl.org/vocabularies/princeton/wn30/synset-leisure-noun-1
http://disi.unitn.it/~knowdive/dataset/delicious/concept/procedure-NOUN-336990	http://purl.org/vocabularies/princeton/wn30/synset-procedure-noun-1
http://disi.unitn.it/~knowdive/dataset/delicious/concept/study-NOUN-307180	http://purl.org/vocabularies/princeton/wn30/synset-study-noun-2
http://disi.unitn.it/~knowdive/dataset/delicious/concept/pricing-NOUN-242339	http://purl.org/vocabularies/princeton/wn30/synset-pricing-noun-1
http://disi.unitn.it/~knowdive/dataset/delicious/concept/tour-NOUN-248548	http://purl.org/vocabularies/princeton/wn30/synset-tour-noun-1
http://disi.unitn.it/~knowdive/dataset/delicious/concept/endeavor-VERB-266811	http://purl.org/vocabularies/princeton/wn30/synset-endeavor-verb-1
http://disi.unitn.it/~knowdive/dataset/delicious/concept/Bush-NOUN-277140	http://purl.org/vocabularies/princeton/wn30/synset-Bush-noun-4
http://disi.unitn.it/~knowdive/dataset/delicious/concept/legislative_act-NOUN-340167	http://purl.org/vocabularies/princeton/wn30/synset-legislative_act-noun-1
http://disi.unitn.it/~knowdive/dataset/delicious/concept/healthy-ADJECTIVE-230907	http://purl.org/vocabularies/princeton/wn30/synset-healthy-adjective-1
http://disi.unitn.it/~knowdive/dataset/delicious/concept/rival-NOUN-294756	http://purl.org/vocabularies/princeton/wn30/synset-rival-noun-1
http://disi.unitn.it/~knowdive/dataset/delicious/concept/trip-NOUN-321743	http://purl.org/vocabularies/princeton/wn30/synset-trip-noun-1
http://disi.unitn.it/~knowdive/dataset/delicious/concept/idea-NOUN-292507	http://purl.org/vocabularies/princeton/wn30/synset-idea-noun-1
http://disi.unitn.it/~knowdive/dataset/delicious/concept/fare-NOUN-257265	http://purl.org/vocabularies/princeton/wn30/synset-fare-noun-2
http://disi.unitn.it/~knowdive/dataset/delicious/concept/farm-NOUN-307895	http://purl.org/vocabularies/princeton/wn30/synset-farm-noun-1
http://disi.unitn.it/~knowdive/dataset/delicious/concept/sustainability-NOUN-266533	http://purl.org/vocabularies/princeton/wn30/synset-sustainability-noun-1
http://disi.unitn.it/~knowdive/dataset/delicious/concept/Yale_University-NOUN-234504	http://purl.org/vocabularies/princeton/wn30/synset-Yale_University-noun-1
http://disi.unitn.it/~knowdive/dataset/delicious/concept/liquor-NOUN-274585	http://purl.org/vocabularies/princeton/wn30/synset-liquor-noun-1
http://disi.unitn.it/~knowdive/dataset/delicious/concept/cognitive-ADJECTIVE-241134	http://purl.org/vocabularies/princeton/wn30/synset-cognitive-adjective-1
http://disi.unitn.it/~knowdive/dataset/delicious/concept/vacation-NOUN-228086	http://purl.org/vocabularies/princeton/wn30/synset-vacation-noun-1
http://disi.unitn.it/~knowdive/dataset/delicious/concept/reference-NOUN-319635	http://purl.org/vocabularies/princeton/wn30/synset-reference-noun-7
http://disi.unitn.it/~knowdive/dataset/delicious/concept/hike-NOUN-330672	http://purl.org/vocabularies/princeton/wn30/synset-hike-noun-1
http://disi.unitn.it/~knowdive/dataset/delicious/concept/password-NOUN-280307	http://purl.org/vocabularies/princeton/wn30/synset-password-noun-1
http://disi.unitn.it/~knowdive/dataset/delicious/concept/virtual-ADJECTIVE-256018	http://purl.org/vocabularies/princeton/wn30/synset-virtual-adjectivesatellite-2
http://disi.unitn.it/~knowdive/dataset/delicious/concept/burrito-NOUN-338129	http://purl.org/vocabularies/princeton/wn30/synset-burrito-noun-1
http://disi.unitn.it/~knowdive/dataset/delicious/concept/global-ADJECTIVE-237667	http://purl.org/vocabularies/princeton/wn30/synset-global-adjectivesatellite-1
http://disi.unitn.it/~knowdive/dataset/delicious/concept/ticket-NOUN-248401	http://purl.org/vocabularies/princeton/wn30/synset-ticket-noun-1
http://disi.unitn.it/~knowdive/dataset/delicious/concept/freeware-NOUN-335188	http://purl.org/vocabularies/princeton/wn30/synset-freeware-noun-1
http://disi.unitn.it/~knowdive/dataset/delicious/concept/design-NOUN-239137	http://purl.org/vocabularies/princeton/wn30/synset-design-noun-4
http://disi.unitn.it/~knowdive/dataset/delicious/concept/open-ADJECTIVE-311953	http://purl.org/vocabularies/princeton/wn30/synset-open-adjectivesatellite-7
http://disi.unitn.it/~knowdive/dataset/delicious/concept/instruction-NOUN-280803	http://purl.org/vocabularies/princeton/wn30/synset-instruction-noun-4
http://disi.unitn.it/~knowdive/dataset/delicious/concept/secret-NOUN-256151	http://purl.org/vocabularies/princeton/wn30/synset-secret-noun-1
http://disi.unitn.it/~knowdive/dataset/delicious/concept/song-NOUN-253091	http://purl.org/vocabularies/princeton/wn30/synset-song-noun-1
http://disi.unitn.it/~knowdive/dataset/delicious/concept/tourism-NOUN-228716	http://purl.org/vocabularies/princeton/wn30/synset-tourism-noun-1
http://disi.unitn.it/~knowdive/dataset/delicious/concept/Singapore-NOUN-290537	http://purl.org/vocabularies/princeton/wn30/synset-Singapore-noun-1
http://disi.unitn.it/~knowdive/dataset/delicious/concept/chess-NOUN-266177	http://purl.org/vocabularies/princeton/wn30/synset-chess-noun-2
http://disi.unitn.it/~knowdive/dataset/delicious/concept/immigration-NOUN-321060	http://purl.org/vocabularies/princeton/wn30/synset-immigration-noun-1
http://disi.unitn.it/~knowdive/dataset/delicious/concept/baseball-NOUN-260480	http://purl.org/vocabularies/princeton/wn30/synset-baseball-noun-1
http://disi.unitn.it/~knowdive/dataset/delicious/concept/news-NOUN-268700	http://purl.org/vocabularies/princeton/wn30/synset-news-noun-2
http://disi.unitn.it/~knowdive/dataset/delicious/concept/engine-NOUN-249977	http://purl.org/vocabularies/princeton/wn30/synset-engine-noun-2
http://disi.unitn.it/~knowdive/dataset/delicious/concept/complimentary-ADJECTIVE-309440	http://purl.org/vocabularies/princeton/wn30/synset-complimentary-adjectivesatellite-2
http://disi.unitn.it/~knowdive/dataset/delicious/concept/medical-ADJECTIVE-339816	http://purl.org/vocabularies/princeton/wn30/synset-medical-adjective-1
http://disi.unitn.it/~knowdive/dataset/delicious/concept/scheme-NOUN-325290	http://purl.org/vocabularies/princeton/wn30/synset-scheme-noun-1
http://disi.unitn.it/~knowdive/dataset/delicious/concept/environment-NOUN-295810	http://purl.org/vocabularies/princeton/wn30/synset-environment-noun-1
http://disi.unitn.it/~knowdive/dataset/delicious/concept/subject-NOUN-280486	http://purl.org/vocabularies/princeton/wn30/synset-subject-noun-1
http://disi.unitn.it/~knowdive/dataset/delicious/concept/linguistics-NOUN-287201	http://purl.org/vocabularies/princeton/wn30/synset-linguistics-noun-1
http://disi.unitn.it/~knowdive/dataset/delicious/concept/Windows-NOUN-232296	http://purl.org/vocabularies/princeton/wn30/synset-Windows-noun-1
http://disi.unitn.it/~knowdive/dataset/delicious/concept/California-NOUN-314554	http://purl.org/vocabularies/princeton/wn30/synset-California-noun-1
http://disi.unitn.it/~knowdive/dataset/delicious/concept/social-ADJECTIVE-240460	http://purl.org/vocabularies/princeton/wn30/synset-social-adjective-1
http://disi.unitn.it/~knowdive/dataset/delicious/concept/animal-NOUN-248649	http://purl.org/vocabularies/princeton/wn30/synset-animal-noun-1
http://disi.unitn.it/~knowdive/dataset/delicious/concept/century-NOUN-299022	http://purl.org/vocabularies/princeton/wn30/synset-century-noun-1
http://disi.unitn.it/~knowdive/dataset/delicious/concept/toilet-NOUN-328679	http://purl.org/vocabularies/princeton/wn30/synset-toilet-noun-1
http://disi.unitn.it/~knowdive/dataset/delicious/concept/spam-NOUN-331891	http://purl.org/vocabularies/princeton/wn30/synset-spam-noun-2
http://disi.unitn.it/~knowdive/dataset/delicious/concept/festival-NOUN-247037	http://purl.org/vocabularies/princeton/wn30/synset-festival-noun-2
http://disi.unitn.it/~knowdive/dataset/delicious/concept/Pakistan-NOUN-318839	http://purl.org/vocabularies/princeton/wn30/synset-Pakistan-noun-1
http://disi.unitn.it/~knowdive/dataset/delicious/concept/Harvard_University-NOUN-283382	http://purl.org/vocabularies/princeton/wn30/synset-Harvard_University-noun-1
http://disi.unitn.it/~knowdive/dataset/delicious/concept/application-NOUN-306864	http://purl.org/vocabularies/princeton/wn30/synset-application-noun-4
http://disi.unitn.it/~knowdive/dataset/delicious/concept/optimization-NOUN-340286	http://purl.org/vocabularies/princeton/wn30/synset-optimization-noun-1
http://disi.unitn.it/~knowdive/dataset/delicious/concept/customer-NOUN-293433	http://purl.org/vocabularies/princeton/wn30/synset-customer-noun-1
http://disi.unitn.it/~knowdive/dataset/delicious/concept/higher-ADJECTIVE-337224	http://purl.org/vocabularies/princeton/wn30/synset-higher-adjectivesatellite-2
http://disi.unitn.it/~knowdive/dataset/delicious/concept/music-NOUN-253828	http://purl.org/vocabularies/princeton/wn30/synset-music-noun-4
http://disi.unitn.it/~knowdive/dataset/delicious/concept/auction-NOUN-227960	http://purl.org/vocabularies/princeton/wn30/synset-auction-noun-2
http://disi.unitn.it/~knowdive/dataset/delicious/concept/United_Kingdom-NOUN-306456	http://purl.org/vocabularies/princeton/wn30/synset-United_Kingdom-noun-1
http://disi.unitn.it/~knowdive/dataset/delicious/concept/reflection-NOUN-229793	http://purl.org/vocabularies/princeton/wn30/synset-reflection-noun-5
http://disi.unitn.it/~knowdive/dataset/delicious/concept/disability-NOUN-329803	http://purl.org/vocabularies/princeton/wn30/synset-disability-noun-1
http://disi.unitn.it/~knowdive/dataset/delicious/concept/training-NOUN-287368	http://purl.org/vocabularies/princeton/wn30/synset-training-noun-1
http://disi.unitn.it/~knowdive/dataset/delicious/concept/Cambodia-NOUN-271696	http://purl.org/vocabularies/princeton/wn30/synset-Cambodia-noun-1
http://disi.unitn.it/~knowdive/dataset/delicious/concept/disk_jockey-NOUN-325540	http://purl.org/vocabularies/princeton/wn30/synset-disk_jockey-noun-1
http://disi.unitn.it/~knowdive/dataset/delicious/concept/list-NOUN-310413	http://purl.org/vocabularies/princeton/wn30/synset-list-noun-1
http://disi.unitn.it/~knowdive/dataset/delicious/concept/relationship-NOUN-297430	http://purl.org/vocabularies/princeton/wn30/synset-relationship-noun-1
http://disi.unitn.it/~knowdive/dataset/delicious/concept/interesting-ADJECTIVE-317309	http://purl.org/vocabularies/princeton/wn30/synset-interesting-adjective-1
http://disi.unitn.it/~knowdive/dataset/delicious/concept/UNIX-NOUN-293638	http://purl.org/vocabularies/princeton/wn30/synset-UNIX-noun-1
http://disi.unitn.it/~knowdive/dataset/delicious/concept/advice-NOUN-241319	http://purl.org/vocabularies/princeton/wn30/synset-advice-noun-1
http://disi.unitn.it/~knowdive/dataset/delicious/concept/heart-NOUN-321320	http://purl.org/vocabularies/princeton/wn30/synset-heart-noun-2
http://disi.unitn.it/~knowdive/dataset/delicious/concept/article-NOUN-297555	http://purl.org/vocabularies/princeton/wn30/synset-article-noun-1
http://disi.unitn.it/~knowdive/dataset/delicious/concept/search-NOUN-248421	http://purl.org/vocabularies/princeton/wn30/synset-search-noun-1
http://disi.unitn.it/~knowdive/dataset/delicious/concept/form-NOUN-290330	http://purl.org/vocabularies/princeton/wn30/synset-form-noun-8
http://disi.unitn.it/~knowdive/dataset/delicious/concept/investing-NOUN-317236	http://purl.org/vocabularies/princeton/wn30/synset-investing-noun-1
http://disi.unitn.it/~knowdive/dataset/delicious/concept/art-NOUN-337738	http://purl.org/vocabularies/princeton/wn30/synset-art-noun-1
http://disi.unitn.it/~knowdive/dataset/delicious/concept/twenty_first-ADJECTIVE-282949	http://purl.org/vocabularies/princeton/wn30/synset-twenty-first-adjectivesatellite-1
http://disi.unitn.it/~knowdive/dataset/delicious/concept/encode-VERB-285205	http://purl.org/vocabularies/princeton/wn30/synset-code-verb-2
http://disi.unitn.it/~knowdive/dataset/delicious/concept/marketing-NOUN-312728	http://purl.org/vocabularies/princeton/wn30/synset-marketing-noun-2
http://disi.unitn.it/~knowdive/dataset/delicious/concept/university-NOUN-292274	http://purl.org/vocabularies/princeton/wn30/synset-university-noun-3
http://disi.unitn.it/~knowdive/dataset/delicious/concept/interview-NOUN-256208	http://purl.org/vocabularies/princeton/wn30/synset-interview-noun-1
http://disi.unitn.it/~knowdive/dataset/delicious/concept/weird-ADJECTIVE-334054	http://purl.org/vocabularies/princeton/wn30/synset-weird-adjectivesatellite-2
http://disi.unitn.it/~knowdive/dataset/delicious/concept/shopping-NOUN-340309	http://purl.org/vocabularies/princeton/wn30/synset-shopping-noun-1
http://disi.unitn.it/~knowdive/dataset/delicious/concept/Louisiana-NOUN-285771	http://purl.org/vocabularies/princeton/wn30/synset-Louisiana-noun-1
http://disi.unitn.it/~knowdive/dataset/delicious/concept/discipline-NOUN-247728	http://purl.org/vocabularies/princeton/wn30/synset-discipline-noun-1
http://disi.unitn.it/~knowdive/dataset/delicious/concept/ecotourism-NOUN-229623	http://purl.org/vocabularies/princeton/wn30/synset-ecotourism-noun-1
http://disi.unitn.it/~knowdive/dataset/delicious/concept/book-NOUN-312089	http://purl.org/vocabularies/princeton/wn30/synset-book-noun-1
http://disi.unitn.it/~knowdive/dataset/delicious/concept/cat-NOUN-334714	http://purl.org/vocabularies/princeton/wn30/synset-cat-noun-1
http://disi.unitn.it/~knowdive/dataset/delicious/concept/career-NOUN-293775	http://purl.org/vocabularies/princeton/wn30/synset-career-noun-1
http://disi.unitn.it/~knowdive/dataset/delicious/concept/fraud-NOUN-339580	http://purl.org/vocabularies/princeton/wn30/synset-fraud-noun-3
http://disi.unitn.it/~knowdive/dataset/delicious/concept/budget-NOUN-286409	http://purl.org/vocabularies/princeton/wn30/synset-budget-noun-1
http://disi.unitn.it/~knowdive/dataset/delicious/concept/vegan-NOUN-243657	http://purl.org/vocabularies/princeton/wn30/synset-vegan-noun-1
http://disi.unitn.it/~knowdive/dataset/delicious/concept/Google-NOUN-302834	http://purl.org/vocabularies/princeton/wn30/synset-Google-noun-1
http://disi.unitn.it/~knowdive/dataset/delicious/concept/tip-NOUN-308146	http://purl.org/vocabularies/princeton/wn30/synset-tip-noun-3
http://disi.unitn.it/~knowdive/dataset/delicious/concept/school-NOUN-260155	http://purl.org/vocabularies/princeton/wn30/synset-school-noun-1
http://disi.unitn.it/~knowdive/dataset/delicious/concept/currency-NOUN-337776	http://purl.org/vocabularies/princeton/wn30/synset-currency-noun-1
http://disi.unitn.it/~knowdive/dataset/delicious/concept/corner-NOUN-260260	http://purl.org/vocabularies/princeton/wn30/synset-corner-noun-2
http://disi.unitn.it/~knowdive/dataset/delicious/concept/medium-NOUN-331247	http://purl.org/vocabularies/princeton/wn30/synset-medium-noun-1
http://disi.unitn.it/~knowdive/dataset/delicious/concept/archives-NOUN-254632	http://purl.org/vocabularies/princeton/wn30/synset-archives-noun-1
http://disi.unitn.it/~knowdive/dataset/delicious/concept/radio-NOUN-261268	http://purl.org/vocabularies/princeton/wn30/synset-radio-noun-1
http://disi.unitn.it/~knowdive/dataset/delicious/concept/planet-NOUN-294614	http://purl.org/vocabularies/princeton/wn30/synset-planet-noun-3
http://disi.unitn.it/~knowdive/dataset/delicious/concept/resource-NOUN-331655	http://purl.org/vocabularies/princeton/wn30/synset-resource-noun-2
http://disi.unitn.it/~knowdive/dataset/delicious/concept/economics-NOUN-292813	http://purl.org/vocabularies/princeton/wn30/synset-economics-noun-1
http://disi.unitn.it/~knowdive/dataset/delicious/concept/Sydney-NOUN-248921	http://purl.org/vocabularies/princeton/wn30/synset-Sydney-noun-1
http://disi.unitn.it/~knowdive/dataset/delicious/concept/manual-NOUN-328723	http://purl.org/vocabularies/princeton/wn30/synset-manual-noun-1
http://disi.unitn.it/~knowdive/dataset/delicious/concept/ambition-NOUN-324651	http://purl.org/vocabularies/princeton/wn30/synset-ambition-noun-1
http://disi.unitn.it/~knowdive/dataset/delicious/concept/France-NOUN-322382	http://purl.org/vocabularies/princeton/wn30/synset-France-noun-1
http://disi.unitn.it/~knowdive/dataset/delicious/concept/evaluation-NOUN-297482	http://purl.org/vocabularies/princeton/wn30/synset-evaluation-noun-1
http://disi.unitn.it/~knowdive/dataset/delicious/concept/data-NOUN-325262	http://purl.org/vocabularies/princeton/wn30/synset-data-noun-1
http://disi.unitn.it/~knowdive/dataset/delicious/concept/Chicago-NOUN-240177	http://purl.org/vocabularies/princeton/wn30/synset-Chicago-noun-1
http://disi.unitn.it/~knowdive/dataset/delicious/concept/keyboard-NOUN-258623	http://purl.org/vocabularies/princeton/wn30/synset-keyboard-noun-1
http://disi.unitn.it/~knowdive/dataset/delicious/concept/sarcasm-NOUN-326087	http://purl.org/vocabularies/princeton/wn30/synset-sarcasm-noun-1
http://disi.unitn.it/~knowdive/dataset/delicious/concept/international-ADJECTIVE-318415	http://purl.org/vocabularies/princeton/wn30/synset-international-adjective-1
http://disi.unitn.it/~knowdive/dataset/delicious/concept/partner-NOUN-301989	http://purl.org/vocabularies/princeton/wn30/synset-partner-noun-3
http://disi.unitn.it/~knowdive/dataset/delicious/concept/background-NOUN-266765	http://purl.org/vocabularies/princeton/wn30/synset-background-noun-7
http://disi.unitn.it/~knowdive/dataset/delicious/concept/epicure-NOUN-302485	http://purl.org/vocabularies/princeton/wn30/synset-epicure-noun-1
http://disi.unitn.it/~knowdive/dataset/delicious/concept/activity-NOUN-265668	http://purl.org/vocabularies/princeton/wn30/synset-activity-noun-1
http://disi.unitn.it/~knowdive/dataset/delicious/concept/Berkeley-NOUN-291002	http://purl.org/vocabularies/princeton/wn30/synset-Berkeley-noun-2
http://disi.unitn.it/~knowdive/dataset/delicious/concept/instructional-ADJECTIVE-285453	http://purl.org/vocabularies/princeton/wn30/synset-instructional-adjective-1
http://disi.unitn.it/~knowdive/dataset/delicious/concept/services-NOUN-302633	http://purl.org/vocabularies/princeton/wn30/synset-services-noun-1
http://disi.unitn.it/~knowdive/dataset/delicious/concept/teens-NOUN-320871	http://purl.org/vocabularies/princeton/wn30/synset-teens-noun-1
http://disi.unitn.it/~knowdive/dataset/delicious/concept/educational-ADJECTIVE-255461	http://purl.org/vocabularies/princeton/wn30/synset-educational-adjective-1
http://disi.unitn.it/~knowdive/dataset/delicious/concept/photography-NOUN-273647	http://purl.org/vocabularies/princeton/wn30/synset-photography-noun-1
http://disi.unitn.it/~knowdive/dataset/delicious/concept/punk_rock-NOUN-300973	http://purl.org/vocabularies/princeton/wn30/synset-punk_rock-noun-1
http://disi.unitn.it/~knowdive/dataset/delicious/concept/amazing-ADJECTIVE-267082	http://purl.org/vocabularies/princeton/wn30/synset-amazing-adjectivesatellite-2
http://disi.unitn.it/~knowdive/dataset/delicious/concept/money-NOUN-322908	http://purl.org/vocabularies/princeton/wn30/synset-money-noun-1
http://disi.unitn.it/~knowdive/dataset/delicious/concept/restaurant-NOUN-230629	http://purl.org/vocabularies/princeton/wn30/synset-restaurant-noun-1
http://disi.unitn.it/~knowdive/dataset/delicious/concept/course_of_study-NOUN-288153	http://purl.org/vocabularies/princeton/wn30/synset-course_of_study-noun-1
http://disi.unitn.it/~knowdive/dataset/delicious/concept/Columbus-NOUN-316009	http://purl.org/vocabularies/princeton/wn30/synset-Columbus-noun-1
http://disi.unitn.it/~knowdive/dataset/delicious/concept/standard-NOUN-294445	http://purl.org/vocabularies/princeton/wn30/synset-standard-noun-1
http://disi.unitn.it/~knowdive/dataset/delicious/concept/bibliography-NOUN-312437	http://purl.org/vocabularies/princeton/wn30/synset-bibliography-noun-1
http://disi.unitn.it/~knowdive/dataset/delicious/concept/Asian-ADJECTIVE-273886	http://purl.org/vocabularies/princeton/wn30/synset-Asian-adjective-1
http://disi.unitn.it/~knowdive/dataset/delicious/concept/cookie-NOUN-266464	http://purl.org/vocabularies/princeton/wn30/synset-cookie-noun-1
http://disi.unitn.it/~knowdive/dataset/delicious/concept/mathematics-NOUN-286984	http://purl.org/vocabularies/princeton/wn30/synset-mathematics-noun-1
http://disi.unitn.it/~knowdive/dataset/delicious/concept/raw-ADJECTIVE-336630	http://purl.org/vocabularies/princeton/wn30/synset-raw-adjective-3
http://disi.unitn.it/~knowdive/dataset/delicious/concept/student-NOUN-278641	http://purl.org/vocabularies/princeton/wn30/synset-student-noun-1
http://disi.unitn.it/~knowdive/dataset/delicious/concept/rename-VERB-325022	http://purl.org/vocabularies/princeton/wn30/synset-rename-verb-1
http://disi.unitn.it/~knowdive/dataset/delicious/concept/dictionary-NOUN-301140	http://purl.org/vocabularies/princeton/wn30/synset-dictionary-noun-1
http://disi.unitn.it/~knowdive/dataset/delicious/concept/information-NOUN-284371	http://purl.org/vocabularies/princeton/wn30/synset-information-noun-2
http://disi.unitn.it/~knowdive/dataset/delicious/concept/interface-NOUN-251872	http://purl.org/vocabularies/princeton/wn30/synset-interface-noun-2
http://disi.unitn.it/~knowdive/dataset/delicious/concept/dance_band-NOUN-293564	http://purl.org/vocabularies/princeton/wn30/synset-dance_band-noun-1
http://disi.unitn.it/~knowdive/dataset/delicious/concept/car-NOUN-277984	http://purl.org/vocabularies/princeton/wn30/synset-car-noun-1
http://disi.unitn.it/~knowdive/dataset/delicious/concept/library-NOUN-263225	http://purl.org/vocabularies/princeton/wn30/synset-library-noun-2
http://disi.unitn.it/~knowdive/dataset/delicious/concept/chow-NOUN-242149	http://purl.org/vocabularies/princeton/wn30/synset-chow-noun-2
http://disi.unitn.it/~knowdive/dataset/delicious/concept/network-NOUN-299918	http://purl.org/vocabularies/princeton/wn30/synset-network-noun-1
http://disi.unitn.it/~knowdive/dataset/delicious/concept/portal_site-NOUN-281318	http://purl.org/vocabularies/princeton/wn30/synset-portal_site-noun-1
http://disi.unitn.it/~knowdive/dataset/delicious/concept/entertainment-NOUN-242226	http://purl.org/vocabularies/princeton/wn30/synset-entertainment-noun-1
http://disi.unitn.it/~knowdive/dataset/delicious/concept/cognition-NOUN-247329	http://purl.org/vocabularies/princeton/wn30/synset-cognition-noun-1
http://disi.unitn.it/~knowdive/dataset/delicious/concept/hostel-NOUN-317609	http://purl.org/vocabularies/princeton/wn30/synset-hostel-noun-1
http://disi.unitn.it/~knowdive/dataset/delicious/concept/computer-NOUN-290959	http://purl.org/vocabularies/princeton/wn30/synset-computer-noun-1
http://disi.unitn.it/~knowdive/dataset/delicious/concept/homework-NOUN-304878	http://purl.org/vocabularies/princeton/wn30/synset-homework-noun-1
http://disi.unitn.it/~knowdive/dataset/delicious/concept/intelligence-NOUN-338606	http://purl.org/vocabularies/princeton/wn30/synset-intelligence-noun-1
http://disi.unitn.it/~knowdive/dataset/delicious/concept/practice-NOUN-306654	http://purl.org/vocabularies/princeton/wn30/synset-practice-noun-4
http://disi.unitn.it/~knowdive/dataset/delicious/concept/domesticity-NOUN-295165	http://purl.org/vocabularies/princeton/wn30/synset-domesticity-noun-2
http://disi.unitn.it/~knowdive/dataset/delicious/concept/cocktail-NOUN-277556	http://purl.org/vocabularies/princeton/wn30/synset-cocktail-noun-1
http://disi.unitn.it/~knowdive/dataset/delicious/concept/hours-NOUN-300658	http://purl.org/vocabularies/princeton/wn30/synset-hours-noun-1
http://disi.unitn.it/~knowdive/dataset/delicious/concept/airfare-NOUN-248435	http://purl.org/vocabularies/princeton/wn30/synset-airfare-noun-1
http://disi.unitn.it/~knowdive/dataset/delicious/concept/self-ADJECTIVE-325523	http://purl.org/vocabularies/princeton/wn30/synset-self-adjective-1
http://disi.unitn.it/~knowdive/dataset/delicious/concept/system_of_measurement-NOUN-242025	http://purl.org/vocabularies/princeton/wn30/synset-system_of_measurement-noun-1
http://disi.unitn.it/~knowdive/dataset/delicious/concept/legal-ADJECTIVE-296900	http://purl.org/vocabularies/princeton/wn30/synset-legal-adjective-1
http://disi.unitn.it/~knowdive/dataset/delicious/concept/examination-NOUN-269347	http://purl.org/vocabularies/princeton/wn30/synset-examination-noun-2
http://disi.unitn.it/~knowdive/dataset/delicious/concept/blog-VERB-290469	http://purl.org/vocabularies/princeton/wn30/synset-blog-verb-1
http://disi.unitn.it/~knowdive/dataset/delicious/concept/vocational-ADJECTIVE-326602	http://purl.org/vocabularies/princeton/wn30/synset-vocational-adjective-1
http://disi.unitn.it/~knowdive/dataset/delicious/concept/perusal-NOUN-235502	http://purl.org/vocabularies/princeton/wn30/synset-perusal-noun-1
http://disi.unitn.it/~knowdive/dataset/delicious/concept/Arizona-NOUN-265208	http://purl.org/vocabularies/princeton/wn30/synset-Arizona-noun-1
http://disi.unitn.it/~knowdive/dataset/delicious/concept/academic-ADJECTIVE-289991	http://purl.org/vocabularies/princeton/wn30/synset-academic-adjective-1
http://disi.unitn.it/~knowdive/dataset/delicious/concept/database-NOUN-324614	http://purl.org/vocabularies/princeton/wn30/synset-database-noun-1
http://disi.unitn.it/~knowdive/dataset/delicious/concept/engineering-NOUN-332847	http://purl.org/vocabularies/princeton/wn30/synset-engineering-noun-2
http://disi.unitn.it/~knowdive/dataset/delicious/concept/plan-NOUN-270904	http://purl.org/vocabularies/princeton/wn30/synset-plan-noun-1
http://disi.unitn.it/~knowdive/dataset/delicious/concept/television-NOUN-261658	http://purl.org/vocabularies/princeton/wn30/synset-television-noun-1
http://disi.unitn.it/~knowdive/dataset/delicious/concept/hotel-NOUN-308209	http://purl.org/vocabularies/princeton/wn30/synset-hotel-noun-1
http://disi.unitn.it/~knowdive/dataset/delicious/concept/environmental-ADJECTIVE-296323	http://purl.org/vocabularies/princeton/wn30/synset-environmental-adjective-2
http://disi.unitn.it/~knowdive/dataset/delicious/concept/flight-NOUN-330113	http://purl.org/vocabularies/princeton/wn30/synset-flight-noun-9
http://disi.unitn.it/~knowdive/dataset/delicious/concept/hypertext_markup_language-NOUN-280513	http://purl.org/vocabularies/princeton/wn30/synset-hypertext_markup_language-noun-1
http://disi.unitn.it/~knowdive/dataset/delicious/concept/law-NOUN-296373	http://purl.org/vocabularies/princeton/wn30/synset-law-noun-1
http://disi.unitn.it/~knowdive/dataset/delicious/concept/science-NOUN-310909	http://purl.org/vocabularies/princeton/wn30/synset-science-noun-1
http://disi.unitn.it/~knowdive/dataset/delicious/concept/guidebook-NOUN-314532	http://purl.org/vocabularies/princeton/wn30/synset-guidebook-noun-1
http://disi.unitn.it/~knowdive/dataset/delicious/concept/breakfast-NOUN-333694	http://purl.org/vocabularies/princeton/wn30/synset-breakfast-noun-1
http://disi.unitn.it/~knowdive/dataset/delicious/concept/rare-ADJECTIVE-282988	http://purl.org/vocabularies/princeton/wn30/synset-rare-adjectivesatellite-1
http://disi.unitn.it/~knowdive/dataset/delicious/concept/picture-NOUN-335487	http://purl.org/vocabularies/princeton/wn30/synset-picture-noun-1
http://disi.unitn.it/~knowdive/dataset/delicious/concept/legal-ADJECTIVE-327067	http://purl.org/vocabularies/princeton/wn30/synset-legal-adjective-2
http://disi.unitn.it/~knowdive/dataset/delicious/concept/writing-NOUN-237718	http://purl.org/vocabularies/princeton/wn30/synset-writing-noun-1
http://disi.unitn.it/~knowdive/dataset/delicious/concept/cycling-NOUN-236253	http://purl.org/vocabularies/princeton/wn30/synset-cycling-noun-1
http://disi.unitn.it/~knowdive/dataset/delicious/concept/dissertation-NOUN-335094	http://purl.org/vocabularies/princeton/wn30/synset-dissertation-noun-1
http://disi.unitn.it/~knowdive/dataset/delicious/concept/serviceability-NOUN-297462	http://purl.org/vocabularies/princeton/wn30/synset-serviceability-noun-1
http://disi.unitn.it/~knowdive/dataset/delicious/concept/parent-NOUN-229464	http://purl.org/vocabularies/princeton/wn30/synset-parent-noun-1
http://disi.unitn.it/~knowdive/dataset/delicious/concept/organic-ADJECTIVE-315194	http://purl.org/vocabularies/princeton/wn30/synset-organic-adjectivesatellite-4
http://disi.unitn.it/~knowdive/dataset/delicious/concept/phonetics-NOUN-251995	http://purl.org/vocabularies/princeton/wn30/synset-phonetics-noun-1
http://disi.unitn.it/~knowdive/dataset/delicious/concept/walk-NOUN-333913	http://purl.org/vocabularies/princeton/wn30/synset-walk-noun-1
http://disi.unitn.it/~knowdive/dataset/delicious/concept/encyclopedia-NOUN-329772	http://purl.org/vocabularies/princeton/wn30/synset-encyclopedia-noun-1
http://disi.unitn.it/~knowdive/dataset/delicious/concept/invention-NOUN-296458	http://purl.org/vocabularies/princeton/wn30/synset-invention-noun-2
http://disi.unitn.it/~knowdive/dataset/delicious/concept/watch-VERB-324643	http://purl.org/vocabularies/princeton/wn30/synset-watch-verb-3
http://disi.unitn.it/~knowdive/dataset/delicious/concept/herb-NOUN-299740	http://purl.org/vocabularies/princeton/wn30/synset-herb-noun-2
http://disi.unitn.it/~knowdive/dataset/delicious/concept/motor_scooter-NOUN-282400	http://purl.org/vocabularies/princeton/wn30/synset-motor_scooter-noun-1
http://disi.unitn.it/~knowdive/dataset/delicious/concept/chord-NOUN-281501	http://purl.org/vocabularies/princeton/wn30/synset-chord-noun-2
http://disi.unitn.it/~knowdive/dataset/delicious/concept/journal-NOUN-303529	http://purl.org/vocabularies/princeton/wn30/synset-journal-noun-2
http://disi.unitn.it/~knowdive/dataset/delicious/concept/amusing-ADJECTIVE-240998	http://purl.org/vocabularies/princeton/wn30/synset-amusing-adjectivesatellite-2
http://disi.unitn.it/~knowdive/dataset/delicious/concept/pickings-NOUN-329492	http://purl.org/vocabularies/princeton/wn30/synset-pickings-noun-1
http://disi.unitn.it/~knowdive/dataset/delicious/concept/utility_program-NOUN-334138	http://purl.org/vocabularies/princeton/wn30/synset-utility_program-noun-1
http://disi.unitn.it/~knowdive/dataset/delicious/concept/conservation-NOUN-290673	http://purl.org/vocabularies/princeton/wn30/synset-conservation-noun-2
http://disi.unitn.it/~knowdive/dataset/delicious/concept/Columbia_University-NOUN-323629	http://purl.org/vocabularies/princeton/wn30/synset-Columbia_University-noun-1
http://disi.unitn.it/~knowdive/dataset/delicious/concept/statistics-NOUN-303380	http://purl.org/vocabularies/princeton/wn30/synset-statistics-noun-1
http://disi.unitn.it/~knowdive/dataset/delicious/concept/flower_people-NOUN-284215	http://purl.org/vocabularies/princeton/wn30/synset-flower_people-noun-1
http://disi.unitn.it/~knowdive/dataset/delicious/concept/Virginia-NOUN-233185	http://purl.org/vocabularies/princeton/wn30/synset-Virginia-noun-1
http://disi.unitn.it/~knowdive/dataset/delicious/concept/local-ADJECTIVE-279471	http://purl.org/vocabularies/princeton/wn30/synset-local-adjective-2
http://disi.unitn.it/~knowdive/dataset/delicious/concept/quiz-NOUN-265624	http://purl.org/vocabularies/princeton/wn30/synset-quiz-noun-1
http://disi.unitn.it/~knowdive/dataset/delicious/concept/learning-NOUN-316289	http://purl.org/vocabularies/princeton/wn30/synset-learning-noun-1
http://disi.unitn.it/~knowdive/dataset/delicious/concept/backup-NOUN-230958	http://purl.org/vocabularies/princeton/wn30/synset-backup-noun-4
http://disi.unitn.it/~knowdive/dataset/delicious/concept/travelogue-NOUN-234982	http://purl.org/vocabularies/princeton/wn30/synset-travelogue-noun-1
http://disi.unitn.it/~knowdive/dataset/delicious/concept/thinking-NOUN-273714	http://purl.org/vocabularies/princeton/wn30/synset-thinking-noun-1
http://disi.unitn.it/~knowdive/dataset/delicious/concept/lesson-NOUN-316775	http://purl.org/vocabularies/princeton/wn30/synset-lesson-noun-1
http://disi.unitn.it/~knowdive/dataset/delicious/concept/life-NOUN-247323	http://purl.org/vocabularies/princeton/wn30/synset-life-noun-2
http://disi.unitn.it/~knowdive/dataset/delicious/concept/Thai-ADJECTIVE-278318	http://purl.org/vocabularies/princeton/wn30/synset-Thai-adjective-1
http://disi.unitn.it/~knowdive/dataset/delicious/concept/map-NOUN-261026	http://purl.org/vocabularies/princeton/wn30/synset-map-noun-1
http://disi.unitn.it/~knowdive/dataset/delicious/concept/wine-NOUN-325592	http://purl.org/vocabularies/princeton/wn30/synset-wine-noun-1
http://disi.unitn.it/~knowdive/dataset/delicious/concept/humor-NOUN-275075	http://purl.org/vocabularies/princeton/wn30/synset-humor-noun-4
http://disi.unitn.it/~knowdive/dataset/delicious/concept/guru-NOUN-331947	http://purl.org/vocabularies/princeton/wn30/synset-guru-noun-3
http://disi.unitn.it/~knowdive/dataset/delicious/concept/worksheet-NOUN-297933	http://purl.org/vocabularies/princeton/wn30/synset-worksheet-noun-2
http://disi.unitn.it/~knowdive/dataset/delicious/concept/travel-VERB-269236	http://purl.org/vocabularies/princeton/wn30/synset-travel-verb-2
http://disi.unitn.it/~knowdive/dataset/delicious/concept/minimal-ADJECTIVE-308870	http://purl.org/vocabularies/princeton/wn30/synset-minimal-adjective-1
http://disi.unitn.it/~knowdive/dataset/delicious/concept/language-NOUN-243451	http://purl.org/vocabularies/princeton/wn30/synset-language-noun-1
http://disi.unitn.it/~knowdive/dataset/delicious/concept/meal-NOUN-286780	http://purl.org/vocabularies/princeton/wn30/synset-meal-noun-1
http://disi.unitn.it/~knowdive/dataset/delicious/concept/external-ADJECTIVE-306344	http://purl.org/vocabularies/princeton/wn30/synset-external-adjectivesatellite-3
http://disi.unitn.it/~knowdive/dataset/delicious/concept/game-NOUN-294799	http://purl.org/vocabularies/princeton/wn30/synset-game-noun-10
http://disi.unitn.it/~knowdive/dataset/delicious/concept/skill-NOUN-261424	http://purl.org/vocabularies/princeton/wn30/synset-skill-noun-2
http://disi.unitn.it/~knowdive/dataset/delicious/concept/National_Aeronautics_and_Space_Administration-NOUN-257510	http://purl.org/vocabularies/princeton/wn30/synset-National_Aeronautics_and_Space_Administration-noun-1
http://disi.unitn.it/~knowdive/dataset/delicious/concept/fashion-NOUN-332373	http://purl.org/vocabularies/princeton/wn30/synset-fashion-noun-4
http://disi.unitn.it/~knowdive/dataset/delicious/concept/association-NOUN-316884	http://purl.org/vocabularies/princeton/wn30/synset-association-noun-1
http://disi.unitn.it/~knowdive/dataset/delicious/concept/tool-NOUN-280405	http://purl.org/vocabularies/princeton/wn30/synset-tool-noun-1
http://disi.unitn.it/~knowdive/dataset/delicious/concept/alcohol-NOUN-258988	http://purl.org/vocabularies/princeton/wn30/synset-alcohol-noun-1
http://disi.unitn.it/~knowdive/dataset/delicious/concept/community-NOUN-239448	http://purl.org/vocabularies/princeton/wn30/synset-community-noun-4
http://disi.unitn.it/~knowdive/dataset/delicious/concept/random-ADJECTIVE-260663	http://purl.org/vocabularies/princeton/wn30/synset-random-adjective-1
http://disi.unitn.it/~knowdive/dataset/delicious/concept/vegetarian-NOUN-244753	http://purl.org/vocabularies/princeton/wn30/synset-vegetarian-noun-1
http://disi.unitn.it/~knowdive/dataset/delicious/concept/imported-ADJECTIVE-275586	http://purl.org/vocabularies/princeton/wn30/synset-imported-adjectivesatellite-1
http://disi.unitn.it/~knowdive/dataset/delicious/concept/rubric-NOUN-293368	http://purl.org/vocabularies/princeton/wn30/synset-rubric-noun-1
http://disi.unitn.it/~knowdive/dataset/delicious/concept/business-NOUN-245671	http://purl.org/vocabularies/princeton/wn30/synset-business-noun-1
http://disi.unitn.it/~knowdive/dataset/delicious/concept/Mexican-ADJECTIVE-310704	http://purl.org/vocabularies/princeton/wn30/synset-Mexican-adjective-1
http://disi.unitn.it/~knowdive/dataset/delicious/concept/group-NOUN-281483	http://purl.org/vocabularies/princeton/wn30/synset-group-noun-1
http://disi.unitn.it/~knowdive/dataset/delicious/concept/Italian-ADJECTIVE-262970	http://purl.org/vocabularies/princeton/wn30/synset-Italian-adjective-1
http://disi.unitn.it/~knowdive/dataset/delicious/concept/access-NOUN-283118	http://purl.org/vocabularies/princeton/wn30/synset-access-noun-2
http://disi.unitn.it/~knowdive/dataset/delicious/concept/cookbook-NOUN-284809	http://purl.org/vocabularies/princeton/wn30/synset-cookbook-noun-1
http://disi.unitn.it/~knowdive/dataset/delicious/concept/housing-NOUN-250281	http://purl.org/vocabularies/princeton/wn30/synset-housing-noun-1
http://disi.unitn.it/~knowdive/dataset/delicious/concept/computer_game-NOUN-321956	http://purl.org/vocabularies/princeton/wn30/synset-computer_game-noun-1
http://disi.unitn.it/~knowdive/dataset/delicious/concept/behavior-NOUN-320909	http://purl.org/vocabularies/princeton/wn30/synset-behavior-noun-1
http://disi.unitn.it/~knowdive/dataset/delicious/concept/fan-NOUN-331020	http://purl.org/vocabularies/princeton/wn30/synset-fan-noun-3
http://disi.unitn.it/~knowdive/dataset/delicious/concept/airline-NOUN-233229	http://purl.org/vocabularies/princeton/wn30/synset-airline-noun-2
http://disi.unitn.it/~knowdive/dataset/delicious/concept/Monday-NOUN-245234	http://purl.org/vocabularies/princeton/wn30/synset-Monday-noun-1
http://disi.unitn.it/~knowdive/dataset/delicious/concept/public_relations-NOUN-318139	http://purl.org/vocabularies/princeton/wn30/synset-public_relations-noun-1
http://disi.unitn.it/~knowdive/dataset/delicious/concept/adventure-NOUN-305974	http://purl.org/vocabularies/princeton/wn30/synset-adventure-noun-1
http://disi.unitn.it/~knowdive/dataset/delicious/concept/graphical_user_interface-NOUN-321952	http://purl.org/vocabularies/princeton/wn30/synset-graphical_user_interface-noun-1
http://disi.unitn.it/~knowdive/dataset/delicious/concept/style-NOUN-268839	http://purl.org/vocabularies/princeton/wn30/synset-style-noun-6
